,Name,Price,Nal
0,Автомагнитола Gazer CM6006-100D 2-DIN,5 699,Есть в наличии
1,Видеорегистратор Gazer F125 (3694553),2 999,Есть в наличии
2,Автомагнитола Gazer CM5507-100F,3 499,Заканчивается
3,Видеорегистратор Gazer F118 (2758080) (FI260128) - Уценка,1 382,Есть в наличии
4,Автомагнитола Gazer CM6006-100D 2-DIN (CM6006100D1737519126) - Уценка,5 034,Есть в наличии
5,Автомагнитола штатная Gazer CM5509-E150 для Toyota Corolla (E150) 2013-2016 (FW519822) - Уценка,4 784,Есть в наличии
6,"Автомагнитола штатная Gazer CM5509-CM для Hyundai Santa Fe (CM), 2006-2012 (CM5509CM2642472706) - Уценка",5 486,Есть в наличии
7,Парковочная система Gazer CKR4400,7 680,Есть в наличии
8,Автомагнитола штатная Gazer CM6509-QL для Kia Sportage (QL) 2015-2017 (CM6509QL3417793581) - Уценка,15 699,Есть в наличии
9,Автомагнитола штатная Gazer CM5008-MA для Ford Kuga (MA)-low version 2013-2017 (EC604024) - Уценка,11 684,Есть в наличии
10,Автомагнитола Gazer CM6507-100F,5 599,Есть в наличии
11,Автомагнитола Gazer CM5507-100H,4 199,Есть в наличии
12,Камера заднего вида Gazer СС100,1 399,Есть в наличии
13,Автомагнитола Gazer CM6507-100S,3 799,Есть в наличии
14,Видеорегистратор Gazer MUW7000,8 999,Есть в наличии
15,Видеорегистратор Gazer F715,1 899,Заканчивается
16,Автомагнитола штатная Gazer CM6009-BK для Ford Focus (BK) 2015-2017,8 064,Есть в наличии
17,Телевизор Gazer TV32-HS2G,7 999,Есть в наличии
18,Видеорегистратор Gazer F118 (2758080),2 199,Есть в наличии
19,Парковочная система Gazer PA40R,2 899,Есть в наличии
20,Камера заднего вида Gazer СС207,1 599,Есть в наличии
21,Телевизор Gazer TV43-US2G,13 999,Есть в наличии
22,"Внутренняя, выносная камера Gazer CF730-IN для видеорегистратора Gazer F730",1 499,Есть в наличии
23,Видеорегистратор Gazer F155,5 999,Есть в наличии
24,Автомагнитола штатная Gazer CM6008-DM для Hyundai Santa Fe (DM) 2012-2016,8 116,Есть в наличии
25,Телевизор Gazer TV24-HS2G,6 899,Есть в наличии
26,Автомагнитола штатная Gazer CM6510-FA для Honda Civic (FA) 2006-2011,8 506,Есть в наличии
27,Автомагнитола штатная Gazer CM6007-7L для VW Touareg (7L) 2002-2010,8 973,Есть в наличии
28,"Автомагнитола штатная Gazer CM6509-CM для Hyundai Santa Fe (CM), 2006-2012",21 990,Есть в наличии
29,Парковочная система Gazer PA45R,3 399,Есть в наличии
30,Камера заднего вида Gazer CC120 (3695416),1 599,Есть в наличии
31,Автомагнитола штатная Gazer CM5509-YF для Hyundai Sonata (YF) 2010-2015,6 653,Есть в наличии
32,Автомагнитола штатная Gazer CM5510-GFW для Mitsubishi Outlander (GFW) 2014-2017,14 934,Есть в наличии
33,Автомагнитола штатная Gazer CM5008-RE для Honda CRV (RE) 2006-2011,6 714,Есть в наличии
34,"Автомагнитола штатная Gazer CM6006-SC11 для Nissan Tiida, Qashqai, X-Trail, Patrol",15 992,Есть в наличии
35,"Автомагнитола штатная Gazer CM6007-B14 для Subaru Outback (B14, Legacy) 2008-2014",21 990,Есть в наличии
36,"Автомагнитола штатная Gazer CM6510-J150H/L для Toyota Prado, LC150-High/Low level",19 990,Есть в наличии
37,Автомагнитола штатная Gazer CM6007-XK для Jeep Commander (XK) 2007-2012,21 990,Есть в наличии
38,Автомагнитола штатная Gazer CM6509-EL для Hyundai IX35 (EL) 2010-2015,19 990,Есть в наличии
39,Парковочная система Gazer PA40F (3608166),2 899,Есть в наличии
40,Телевизор Gazer TV55-US2G,18 999,Есть в наличии
41,Автомагнитола штатная Gazer CM5006-TQ для Hyundai H1 (TQ) 2007-2012,6 589,Есть в наличии
42,Видеорегистратор Gazer F750w,9 999,Есть в наличии
43,Автомагнитола штатная Gazer CM5007-HSAM для Renault Duster (HSAM) 2010-2016,7 085,Есть в наличии
44,Телевизор Gazer TV40-FS2G,9 999,Есть в наличии
45,Автомагнитола штатная Gazer CM5007-DZO для Renault Megane III (DZO) 2008-2016,14 999,Есть в наличии
46,Автомагнитола штатная Gazer CM6509-RE для Honda CR-V (RE) 2006-2011,7 454,Есть в наличии
47,"Автомагнитола штатная Gazer CM5007-L48 для Opel Astra H, Vectra C, Zafira B 2004-2009",15 899,Есть в наличии
48,Система контроля слепых зон Gazer BA500,15 999,Есть в наличии
49,Автомагнитола штатная Gazer CM6006-GFW для Mitsubishi Outlander (GFW),8 485,Есть в наличии
50,Автомагнитола штатная Gazer CM5008-5E3 для Skoda Octavia A7 (5E3) 2013-2016,7 661,Есть в наличии
51,"Автомагнитола штатная Gazer CM7012-J11 для Nissan Qashqai, X-Trail 2013-2016",10 209,Есть в наличии
52,Автомагнитола штатная Gazer CM5507-TB для Mazda CX-9 (TB) 2006-2012,7 409,Есть в наличии
53,Автомагнитола штатная Gazer CM5007-W164 для Mercedes ML (W164) 2005-2013,8 307,Есть в наличии
54,Камера заднего вида Gazer CC150 (3694057),1 899,Есть в наличии
55,"Автомагнитола штатная Gazer CM6007-1Z3 для Skoda Octavia A5, Fabia, Super b 2005-2012",21 990,Есть в наличии
56,Автомагнитола штатная Gazer CM6007-E46 для BMW 3 (E46) 1998-2004,14 559,Есть в наличии
57,Автомагнитола штатная Gazer CM5007-408W для Peugeot 408 2010-2013,7 084,Есть в наличии
58,Автомагнитола штатная Gazer CM7012-BE для Ford Mondeo (BE) 2014-2017,10 195,Есть в наличии
59,Автомагнитола штатная Gazer CM7012-V55 для Toyota Camry (V55) 2015-2017,9 859,Есть в наличии
60,Автомобильный монитор для задних пассажиров Gazer HR100,6 499,Есть в наличии
61,Автомагнитола штатная Gazer CM5509-GV для Suzuki Grand Vitara (GV) 2015-2017,7 397,Есть в наличии
62,Автомагнитола штатная Gazer CM6509-FB4 для Honda Civic (FB4) 2016-2017,8 062,Есть в наличии
63,Автомагнитола штатная Gazer CM6509-V40F для Toyota Camry (V40) 2007-2011,8 343,Есть в наличии
64,Автомобильный монитор для задних пассажиров Gazer HR250,11 499,Есть в наличии
65,Автомагнитола штатная Gazer CM6008-NK3 для Skoda Rapid (NK3) 2013-2016,9 493,Есть в наличии
66,Автомагнитола штатная Gazer CM6509-T5 для VW/Skoda/Seat 2008-2016,21 990,Есть в наличии
67,Автомагнитола штатная Gazer CM6510-E21 для Toyota Corolla E21 2020,7 675,Есть в наличии
68,Парковочная система Gazer PA45F (3608167),3 399,Есть в наличии
69,Автомагнитола штатная Gazer CM5008-BL для Mazda 3 (BL) 2010-2014,6 916,Есть в наличии
70,Автомагнитола штатная Gazer CM5510-TL для Hyundai Tucson (TL) 2015-2017,14 736,Есть в наличии
71,"Автомагнитола штатная Gazer CM5007-W163 для Mercedes A (W168), C (W203), E (W210), CLK(W209)",14 319,Есть в наличии
72,Автомагнитола штатная Gazer CM6509-KE для Mazda CX-5 (KE) 2012-2016,8 166,Есть в наличии
73,Автомагнитола штатная Gazer CM6510-5E3 для Skoda Octavia A7 (5E3) 2013-2016,21 990,Есть в наличии
74,"Автомагнитола штатная Gazer CM5006-SC11 для Nissan Tiida, Qashqai, X-Trail, Patrol",13 899,Есть в наличии
75,Автомагнитола штатная Gazer CM6509-S13 для Subaru Forester (S13) 2015-2017,19 990,Есть в наличии
76,Автомагнитола штатная Gazer CM5510-5LM для Skoda Yeti (5L) manual conditioner 2009-2013,7 395,Есть в наличии
77,Автомагнитола штатная Gazer CM5008-NK3 для Skoda Rapid (NK3) 2013-2016,16 999,Есть в наличии
78,Автомагнитола штатная Gazer CM5008-250T для Toyota Avensis 2003-2007,15 899,Есть в наличии
79,"Автомагнитола штатная Gazer CM6007-DB для Ford Focus, Mondeo, Connect, S-Max 2004-2010",18 945,Есть в наличии
80,Автомагнитола штатная Gazer CM6007-408W для Peugeot 408 2010-2013,8 488,Есть в наличии
81,Автомагнитола штатная Gazer CM6006-120 для Toyota Universal 2001-2012,7 443,Есть в наличии
82,Автомагнитола штатная Gazer CM6008-V40 для Toyota Camry (V40) 2007-2011,21 990,Есть в наличии
83,Автомагнитола штатная Gazer CM5007-ED для Kia Ceed (ED) 2007-2012,15 899,Есть в наличии
84,Автомагнитола штатная Gazer CM5007-C6 для Audi A6 (C5) 1997-2004,15 899,Есть в наличии
85,Автомагнитола штатная Gazer CM5007-K14 для Nissan Micra 2017+,5 921,Есть в наличии
86,Автомагнитола штатная Gazer CM5006-120F для Toyota Universal 2001-2012,6 285,Есть в наличии
87,Автомагнитола штатная Gazer CM5510-UD для Hyundai Elantra (UD) 2016-2017,6 930,Есть в наличии
88,Автомагнитола штатная Gazer CM7010-BE1 для VW Golf VII (BE1) 2014-2017,10 119,Есть в наличии
89,Автомагнитола штатная Gazer CM5510-5N2 для VW Tiguan (5N2) 2013-2016,13 899,Есть в наличии
90,Автомагнитола штатная Gazer CM5006-NF для Hyundai Sonata (NF) 2009-2010,13 899,Есть в наличии
91,Автомагнитола штатная Gazer CM6008-UM для Kia Sorento (UM) 2015-2017,19 990,Есть в наличии
92,Автомагнитола штатная Gazer CM5007-E180 для Toyota Auris (E180) 2006-2012,14 999,Есть в наличии
93,Автомагнитола штатная Gazer CM5509-ER для Mazda CX-7 (ER) 2006-2012,15 899,Есть в наличии
94,"Автомагнитола штатная Gazer CM5510-ASX10 для Mitsubishi Lancer 2007-2013, ASX 2007-2010",15 899,Есть в наличии
95,Автомагнитола штатная Gazer CM6509-GV для Suzuki Grand Vitara (GV) 2015-2017,8 846,Есть в наличии
96,"Автомагнитола штатная Gazer CM5007-E39 для BMW 5 (E39), X5 (E53) 1996-2004",8 088,Есть в наличии
97,Автомагнитола штатная Gazer CM6007-FA для Honda Civic (FA) 2006-2011,17 592,Есть в наличии
98,Автомагнитола штатная Gazer CM5510-MK49 для Jeep Compass (MK49) 2007-2016,15 899,Есть в наличии
99,Автомагнитола штатная Gazer CM6007-GD для Hyundai i30 (GD) 2012-2016,19 990,Есть в наличии
100,"Автомагнитола штатная Gazer CM6509-E39 для BMW 5 (E39), X5 (E53), 1996-2004",24 990,Есть в наличии
101,Автомагнитола штатная Gazer CM5510-A30 для Toyota RAV4 (A30) 2006-2012,7 399,Есть в наличии
102,Автомагнитола штатная Gazer CM5510-5LA для Skoda Yeti (5L) auto conditioner 2009-2013,7 090,Есть в наличии
103,Автомагнитола штатная Gazer CM6510-AD1 для VW Tiguan (AD1) 2016-2017,8 478,Есть в наличии
104,Автомагнитола штатная Gazer CM6508-7P6 для VW Touareg only instead RCD550 (7P6) 2016-2017,10 485,Есть в наличии
105,Автомагнитола штатная Gazer CM5009-BK для Ford Focus (BK) 2015-2017,14 736,Есть в наличии
106,Автомагнитола штатная Gazer CM6509-QL для Kia Sportage (QL) 2015-2017,21 990,Есть в наличии
107,Автомагнитола штатная Gazer CM5007-BK для Mazda 3 (BK) 2004-2009,15 899,Есть в наличии
108,Автомагнитола штатная Gazer CM5510-MA для Ford Kuga (MA)-low version 2013-2017,6 891,Есть в наличии
109,Автомагнитола штатная Gazer CM6006-L10 для Nissan Livina (L10) 2013-2016,7 671,Есть в наличии
110,Автомагнитола штатная Gazer CM6009-FS для Renault Sandero (FS) 2008-2012,8 799,Есть в наличии
111,Автомагнитола штатная Gazer CM6510-MA для Ford Kuga (MA)-low version 2013-2017,8 089,Есть в наличии
112,Автомагнитола штатная Gazer CM5008-T300 для Chevrolet Aveo 2011-2016,7 103,Есть в наличии
113,Автомагнитола штатная Gazer CM6510-614 для VW Polo (614) 2016-2017,8 559,Есть в наличии
114,Автомагнитола штатная Gazer CM5509-S13 для Subaru Forester (S13) 2015-2017,7 092,Есть в наличии
115,Автомагнитола штатная Gazer CM5006-PB для Hyundai i20 (PB) 2008-2013,6 086,Есть в наличии
116,Автомагнитола штатная Gazer CM5006-GFW для Mitsubishi Outlander (GFW),15 899,Есть в наличии
117,Автомагнитола штатная Gazer CM6008-JD для Kia Ceed (JD) 2011-2017,21 990,Есть в наличии
118,Автомагнитола штатная Gazer CM6008-3G2 для VW Passat B8 (3G2) 2014-2017,8 518,Есть в наличии
119,"Автомагнитола штатная Gazer CM5007-JU для Ford Fuison, Explorer, Mustang, Edge, Escape II",7 085,Есть в наличии
120,Автомагнитола штатная Gazer CM6007-V8W для Mitsubishi Pajero (V8W) 2006-2015,23 315,Есть в наличии
121,Автомагнитола штатная Gazer CM7010-MD для Hyundai Elantra (MD) 2011-2016,29 676,Есть в наличии
122,Автомагнитола штатная Gazer CM5007-RB для Hyundai Accent (RB) 2010-2015,13 899,Есть в наличии
123,Автомагнитола штатная Gazer CM6007-E180 для Toyota Auris (E180) 2006-2012,21 990,Есть в наличии
124,"Автомагнитола штатная Gazer CM6007-T200 для Chevrolet Epica, Captiva, Aveo 2002-2011",15 992,Есть в наличии
125,"Автомагнитола штатная Gazer CM5007-T200 для Chevrolet Epica, Captiva, Aveo 2002-2011",13 899,Есть в наличии
126,Автомагнитола штатная Gazer CM5509-CW6 для Mitsubishi Outlander XL (CW) 2006-2012,15 899,Есть в наличии
127,"Автомагнитола штатная Gazer CM5507-QV для Kia Mohave (QV), 2007-2012",7 405,Есть в наличии
128,Автомагнитола штатная Gazer CM7012-J150 для Toyota Prado (J150) 2010-2013,9 812,Есть в наличии
129,Автомагнитола штатная Gazer CM5008-VST для Lada Vesta 2015-2017,6 261,Есть в наличии
130,"Автомагнитола штатная Gazer CM6007-E39 для BMW 5 (E39), X5 (E53) 1996-2004",24 990,Есть в наличии
131,Автомагнитола штатная Gazer CM5008-XW50 для Toyota Prius (XW50) 2014-2017,7 109,Есть в наличии
132,Автомагнитола штатная Gazer CM7012-J200 для Toyota LC 200 (J200) 2007-2015,27 990,Есть в наличии
133,Автомагнитола штатная Gazer CM6007-W211 для Mercedes E (W211) 2002-2011,24 990,Есть в наличии
134,Автомагнитола штатная Gazer CM5510-5E3 для Skoda Octavia A7 (5E3) 2013-2016,15 899,Есть в наличии
135,Автомагнитола штатная Gazer CM5510-A40 для Toyota RAV 4 (A40) 2013-2016,12 719,Есть в наличии
136,Автомагнитола штатная Gazer CM6510-MK49 для Jeep Compass (MK49) 2007-2016,17 592,Есть в наличии
137,Автомагнитола штатная Gazer CM5509-EL для Hyundai IX35 (EL) 2010-2015,13 899,Есть в наличии
138,Автомагнитола штатная Gazer CM6510-KL для Jeep Cherokee (KL) 2014-2017,16 720,Есть в наличии
139,Автомагнитола штатная Gazer CM6507-TB для Mazda CX-9 (TB) 2006-2012,8 895,Есть в наличии
140,Автомагнитола штатная Gazer CM6007-K14 для Nissan Micra 2017+,7 194,Есть в наличии
141,Автомагнитола штатная Gazer CM6007-ZCS для Suzuki Swift (ZCS) 2011-2016,8 492,Есть в наличии
142,Автомагнитола штатная Gazer CM6007-E150 для Toyota Corolla (E150) 2013-2016,8 496,Есть в наличии
143,Автомагнитола штатная Gazer CM6008-J200 для Toyota LC 200 (J200) 2007-2015,8 570,Есть в наличии
144,Автомагнитола штатная Gazer CM6007-BA для Hyundai i10 (BA) 2013-2016,8 505,Есть в наличии
145,Автомагнитола штатная Gazer CM5508-7P6 для VW Touareg only instead RCD550 (7P6) 2016-2017,9 138,Есть в наличии
146,"Автомагнитола штатная Gazer CM5007-BA7 для Ford Mondeo (BA7), Focus (DB) 2007-2012",13 899,Есть в наличии
147,Автомагнитола штатная Gazer CM5007-263 для Fiat Doblo (263) 2015-2017,15 899,Есть в наличии
148,Автомагнитола штатная Gazer CM6007-XM10 для Kia Sorento (XM10) 2010-2012,20 900,Есть в наличии
149,Автомагнитола штатная Gazer CM6008-B1 для Opel Corsa E (B1) 2014-2017,15 129,Есть в наличии
150,Амортизатор багажника Gazer TG-QL,25 999,Есть в наличии
151,Амортизатор багажника Gazer TG-DZ,25 999,Есть в наличии
152,Автомагнитола штатная Gazer CM5509-FB4 для Honda Civic (FB4) 2016-2017,7 050,Есть в наличии
153,Автомагнитола штатная Gazer CM7012-J200N для Toyota LC 200 (J200N) 2016-2017,9 766,Есть в наличии
154,Автомагнитола штатная Gazer CM5006-L10 для Nissan Livina (L10) 2013-2016,13 899,Есть в наличии
155,Автомагнитола штатная Gazer CM5008-UB15 для Kia Rio (UB15) 2015-2017,7 399,Есть в наличии
156,Автомагнитола штатная Gazer CM5510-614 для VW Polo (614) 2016-2017,7 155,Есть в наличии
157,Автомагнитола штатная Gazer CM6510-CMF для Renault Kadjar (CMF) 2015-2017,21 990,Есть в наличии
158,Автомагнитола штатная Gazer CM6008-V50USA для Toyota Camry (V50-USA) 2012-2015,8 321,Есть в наличии
159,Автомагнитола штатная Gazer CM5510-V55 для Toyota Camry (V55) 2015-2017,7 091,Есть в наличии
160,Автомагнитола штатная Gazer CM6509-V9W для Mitsubishi Pajero (V9W) 2016-2017,8 525,Есть в наличии
161,Автомагнитола штатная Gazer CM6510-BE1 для VW Golf VII (BE1) 2014-2017,21 990,Есть в наличии
162,Автомагнитола штатная Gazer CM6008-T300 для Chevrolet Aveo (T300) 2011-2016,15 992,Есть в наличии
163,Автомагнитола штатная Gazer CM6510-XU40 для Toyota Highlander (XU40) 2008-2015,21 990,Есть в наличии
164,Автомагнитола штатная Gazer CM6007-RM4 для Honda CRV (RM4) 2012-2016,15 992,Есть в наличии
165,Автомагнитола штатная Gazer CM5007-TB ё-TB для Mazda CX-9 (TB) 2006-2012,14 736,Есть в наличии
166,"Автомагнитола штатная Gazer CM6007-W163 для Mercedes A (W168), C (W203), E (W210), CLK(W209)",24 990,Есть в наличии
167,Автомагнитола штатная Gazer CM6007-W251 для Mercedes R (W251) 2005-2013,19 992,Есть в наличии
168,Автомагнитола штатная Gazer CM6509-RB для Hyundai Accent (RB) 2010-2015,15 992,Есть в наличии
169,Автомагнитола штатная Gazer CM6509-UB для Kia Rio (UB) 2012-2015,13 920,Есть в наличии
170,Автомагнитола штатная Gazer CM5007-955 для Porsche Cayenne (955) 2002-2009,17 899,Есть в наличии
171,Автомагнитола штатная Gazer CM5509-QL для Kia Sportage (QL) 2015-2017,15 899,Есть в наличии
172,Автомагнитола штатная Gazer CM6510-Z52R для Nissan Murano (Z52R) 2015-2017,15 992,Есть в наличии
173,Автомагнитола штатная Gazer CM5510-LF для Hyundai Sonata (LF) 2015-2017,13 899,Есть в наличии
174,Автомагнитола штатная Gazer CM5007-8E для AUDI A4 2002-2008,15 899,Есть в наличии
175,Автомагнитола штатная Gazer CM6007-ED для Kia Ceed (ED) 2007-2012,19 300,Есть в наличии
176,Амортизатор багажника Gazer TG-5N2,25 999,Есть в наличии
177,Автомагнитола штатная Gazer CM6508-Y62 для Nissan Patrol (Y62) 2010-2015,9 533,Есть в наличии
178,Автомагнитола штатная Gazer CM5509-RE для Honda CR-V (RE) 2006-2011,6 601,Есть в наличии
179,Автомагнитола штатная Gazer CM6509-P170 для Toyota Yaris (P170) 2016-2017,8 502,Есть в наличии
180,Автомагнитола штатная Gazer CM5007-ZCS для Suzuki Swift (ZCS) 2011-2016,7 088,Есть в наличии
181,"Автомагнитола штатная Gazer CM6007-JUF для Ford Fuison, Explorer, Mustang, Edge, Escape II",8 475,Есть в наличии
182,Автомагнитола штатная Gazer CM6509-YF для Hyundai Sonata (YF) 2010-2015,21 990,Есть в наличии
183,"Автомагнитола штатная Gazer CM5006-M11 для Chery A3 (M11 A5, Tiggo (T11) 2005-2014",13 899,Есть в наличии
184,Автомагнитола штатная Gazer CM6510-3G2 для VW Passat B8 (3G2) 2014-2017,17 592,Есть в наличии
185,Автомагнитола штатная Gazer CM6509-GS для Opel Astra (K) 2014-2017,8 466,Есть в наличии
186,Автомагнитола штатная Gazer CM5006-BF3 для BYD F3 2007-2012,7 060,Есть в наличии
187,Автомагнитола штатная Gazer CM6007-263 для Fiat Doblo (263) 2015-2017,7 898,Есть в наличии
188,Автомагнитола штатная Gazer CM5007-E150 для Toyota Corolla (E150) 2013-2016,14 950,Есть в наличии
189,Автомагнитола штатная Gazer CM5008-3G2 для VW Passat B8 (3G2) 2014-2017,13 899,Есть в наличии
190,Автомагнитола штатная Gazer CM6007-TA для Kia Picanto (TA) 2011-2017,7 689,Есть в наличии
191,Автомагнитола штатная Gazer CM6510-5T1 для VW Touran (5T1) 2016-2017,8 586,Есть в наличии
192,Автомагнитола штатная Gazer CM5510-AD1 для VW Tiguan (AD1) 2016-2017,7 074,Есть в наличии
193,Автомагнитола штатная Gazer CM6006-TQ для Hyundai H1 (TQ) 2007-2012,8 472,Есть в наличии
194,Автомагнитола штатная Gazer CM5510-3G2 для VW Passat B8 (3G2) 2014-2017,15 899,Есть в наличии
195,Автомагнитола штатная Gazer CM5510-J200 для Toyota LC 200 (J200) 2007-2015,7 166,Есть в наличии
196,Автомагнитола штатная Gazer CM6008-A40 для Toyota RAV 4 (A40) 2013-2016,19 990,Есть в наличии
197,Автомагнитола штатная Gazer CM7012-U387 для Ford Edge (U387) 2015-2017,22 392,Есть в наличии
198,Автомагнитола штатная Gazer CM6008-UB15 для Kia Rio (UB15) 2015-2017,15 992,Есть в наличии
199,"Автомагнитола штатная Gazer CM6008-J150H для Toyota Prado, LC150-High level 2014-2016",23 315,Есть в наличии
200,Автомагнитола штатная Gazer CM6009-XU50 для Toyota Highlander (XU50) 2015-2017,23 315,Есть в наличии
201,Автомагнитола штатная Gazer CM6007-RB для Hyundai Accent (RB) 2010-2015,15 992,Есть в наличии
202,"Автомагнитола штатная Gazer CM5007-DB для Ford Focus, Mondeo, Connect, S-Max 2004-2010",13 899,Есть в наличии
203,Автомагнитола штатная Gazer CM5006-CM для Hyundai Santa Fe (CM) 2006-2012,13 899,Есть в наличии
204,Автомагнитола штатная Gazer CM5006-120 для Toyota Universal 2001-2012,13 899,Есть в наличии
205,"Автомагнитола штатная Gazer CM5007-GAB для Ssang Yong Actyon, Kyron, Korando 2005-2010",15 899,Есть в наличии
206,Автомагнитола штатная Gazer CM5509-N8 для Toyota Hilux (N8) 2015-2017,13 899,Есть в наличии
207,Автомагнитола штатная Gazer CM5008-TF для Kia Optima (TF) 2010-2015,15 899,Есть в наличии
208,Автомагнитола штатная Gazer CM5007-8J для AUDI TT 2006-2011,15 899,Есть в наличии
209,Автомагнитола штатная Gazer CM6007-955 для Porsche Cayenne (955) 2002-2009,26 496,Есть в наличии
210,Автомагнитола штатная Gazer CM6008-X4 для Toyota Avalon (X4) 2014-2017,21 990,Есть в наличии
211,Автомагнитола штатная Gazer CM6509-TF для Kia Optima (TF) 2010-2015,21 990,Есть в наличии
212,Автомагнитола штатная Gazer CM6510-J150N для Toyota Land Cruiser Prado (J150N) 2017- 2020,24 990,Есть в наличии
213,Автомагнитола штатная Gazer CM5508-CYA для Mitsubishi Lancer (CYA) 2007-2013,15 899,Есть в наличии
214,Автомагнитола штатная Gazer CM5510-J150N для Toyota Land Cruiser Prado (J150N) 2017- 2020,17 899,Есть в наличии
215,Автомагнитола штатная Gazer CM6508-MGH для Mazda 6 (MGH) 2007-2013,21 990,Есть в наличии
216,Автомагнитола штатная Gazer CM6510-JF для Kia Optima (JF) 2015-2017,23 315,Есть в наличии
217,Автомагнитола штатная Gazer CM6510-JK для Jeep Wrangler (JK) 2011-2014,24 990,Есть в наличии
218,Амортизатор багажника Gazer TG-TL,25 999,Есть в наличии
219,Амортизатор багажника Gazer TG-W213,25 999,Есть в наличии
220,Амортизатор багажника Gazer TG-DK,25 999,Есть в наличии
221,Амортизатор багажника Gazer TG-B8,25 999,Есть в наличии
222,Амортизатор багажника Gazer TG-W212,25 999,Есть в наличии
223,Автомагнитола штатная Gazer CM5510-KX7 для Kia Sorento (KX7) 2017-,7 085,Есть в наличии
224,Автомагнитола штатная Gazer CM5008-J100 для Toyota LC 100 (J100) 1998-2007,11 119,Есть в наличии
225,Автомагнитола штатная Gazer CM6008-J100 для Toyota LC 100 (J100) 1998-2007,19 990,Есть в наличии
226,"Автомагнитола штатная Gazer CM5510-GP для Honda Fit (GP), Jazz 2014-2017",7 051,Есть в наличии
227,Автомагнитола штатная Gazer CM6006-120F для Toyota Universal 2001-2012,19 990,Есть в наличии
228,"Автомагнитола штатная Gazer CM5510-J150H/L для Toyota Prado, LC150-High/Low level",8 161,Есть в наличии
229,Автомагнитола штатная Gazer CM6008-XW50 для Toyota Prius (XW50) 2014-2017,19 990,Есть в наличии
230,Автомагнитола штатная Gazer CM6008-VST для Lada Vesta 2015-2017,7 665,Есть в наличии
231,Автомагнитола штатная Gazer CM6007-QV для Kia Mohave (QV) 2007-2012,8 487,Есть в наличии
232,Автомагнитола штатная Gazer CM5509-KE для Mazda CX-5 (KE) 2012-2016,6 616,Есть в наличии
233,"Автомагнитола штатная Gazer CM6509-KR0A для Renault Captur, Clio (KR0-AC) 2011-2015",8 849,Есть в наличии
234,Автомагнитола штатная Gazer CM5007-PA для Hyundai i10 (PA) 2007-2013,6 264,Есть в наличии
235,Автомагнитола штатная Gazer CM5006-P130 для Toyota Yaris (P130) 2011-2013,13 899,Есть в наличии
236,Автомагнитола штатная Gazer CM5509-TYT для Toyota Prado (J120) 2002-2009,13 899,Есть в наличии
237,Автомагнитола штатная Gazer CM6509-DM для Hyundai Santa Fe (DM) 2012-2016,19 990,Есть в наличии
238,Автомагнитола штатная Gazer CM6510-TL для Hyundai Tucson (TL) 2015-2017,19 990,Есть в наличии
239,"Автомагнитола штатная Gazer CM6509-J350 для Chevrolet Cruze (J350, Lacett i) 2013-2017",17 592,Есть в наличии
240,Автомагнитола штатная Gazer CM5007-RE для Honda CRV (RE) 2006-2011,13 899,Есть в наличии
241,Автомагнитола штатная Gazer CM5008-UM для Kia Sorento (UM) 2015-2017,14 736,Есть в наличии
242,Автомагнитола штатная Gazer CM6509-GH для Honda HRV (GH) 2013-2017,23 315,Есть в наличии
243,Автомагнитола штатная Gazer CM5008-V55 для Toyota Camry (V55) 2015-2017,14 736,Есть в наличии
244,Автомагнитола штатная Gazer CM5510-A50 для Toyota RAV4 2019+,16 856,Есть в наличии
245,Автомагнитола штатная Gazer CM6007-S12 для Subaru Forester (S12) 2007-2012,19 990,Есть в наличии
246,Автомагнитола штатная Gazer CM6007-W2 для Ssang Yong Rexton (W2) 2013-2017,16 720,Есть в наличии
247,Автомагнитола штатная Gazer CM6510-LF для Hyundai Sonata (LF) 2015-2017,24 990,Есть в наличии
248,Автомагнитола штатная Gazer CM5006-N5 для Toyota Hilux (N5) 2012-2015,13 899,Есть в наличии
249,Автомагнитола штатная Gazer CM5510-FA для Honda Civic (FA) 2006-2011,13 899,Есть в наличии
250,Автомагнитола штатная Gazer CM6509-CW6 для Mitsubishi Outlander XL (CW) 2006-2012,21 990,Есть в наличии
251,Автомагнитола штатная Gazer CM6510-KX7 для Kia Sorento (KX7) 2017-,8 269,Есть в наличии
252,Автомагнитола штатная Gazer CM6510-J200 для Toyota LC 200 (J200) 2007-2015,19 990,Есть в наличии
253,Автомагнитола штатная Gazer CM5008-JD для Kia Ceed (JD) 2011-2017,6 708,Есть в наличии
254,Автомагнитола штатная Gazer CM5008-A40 для Toyota RAV 4 (A40) 2013-2016,7 110,Есть в наличии
255,Автомагнитола штатная Gazer CM6510-YD для Kia Cereato (YD) 2015-2017,8 481,Есть в наличии
256,Автомагнитола штатная Gazer CM6007-TYT для Toyota Prado (J120) 2002-2009,21 990,Есть в наличии
257,Автомагнитола штатная Gazer CM5007-BA для Hyundai i10 (BA) 2013-2016,7 101,Есть в наличии
258,Автомагнитола штатная Gazer CM5509-GS для Opel Astra (K) 2014-2017,7 062,Есть в наличии
259,"Автомагнитола штатная Gazer CM6510-GP для Honda Fit (GP), Jazz 2014-2017",8 455,Есть в наличии
260,Автомагнитола штатная Gazer CM6510-J150 для Toyota Prado (J150) 2010-2013,24 990,Есть в наличии
261,Автомагнитола штатная Gazer CM5510-J150 для Toyota Prado (J150) 2010-2013,18 978,Есть в наличии
262,Автомагнитола штатная Gazer CM5008-J200 для Toyota LC 200 (J200) 2007-2015,13 899,Есть в наличии
263,Автомагнитола штатная Gazer CM6007-GV10 для Toyota Venza (GV10) 2008-2016,21 990,Есть в наличии
264,Автомагнитола штатная Gazer CM5006-PS для Kia Soul (PS) 2012-2014,13 899,Есть в наличии
265,Автомагнитола штатная Gazer CM5007-TA для Kia Picanto (TA) 2011-2017,13 899,Есть в наличии
266,Автомагнитола штатная Gazer CM6008-V55 для Toyota Camry (V55) 2015-2017,15 992,Есть в наличии
267,Автомагнитола штатная Gazer CM5007-E140 для Toyota Corolla (E140) 2006-2012,13 899,Есть в наличии
268,Автомагнитола штатная Gazer CM6007-A30 для Toyota RAV 4 (A30) 2006-2012,19 990,Есть в наличии
269,Автомагнитола штатная Gazer CM5008-V50USA для Toyota Camry (V50-USA) 2012-2015,14 736,Есть в наличии
270,Автомагнитола штатная Gazer CM5007-QV для Kia Mohave (QV) 2007-2012,13 899,Есть в наличии
271,Автомагнитола штатная Gazer CM5509-RW для Honda CRV 2017+,15 899,Есть в наличии
272,Автомагнитола штатная Gazer CM5509-KHW для Mitsubishi Pajero Sport (KHW) 2008-2015,13 899,Есть в наличии
273,Автомагнитола штатная Gazer CM6509-RW для Honda CRV 2017+,21 990,Есть в наличии
274,Автомагнитола штатная Gazer CM5510-CR для Honda Accord (CR) 2013 - 2017,15 899,Есть в наличии
275,"Автомагнитола штатная Gazer CM5007-B14 для Subaru Outback (B14, Legacy) 2008-2014",16 856,Есть в наличии
276,Амортизатор багажника Gazer TG-A50,25 999,Есть в наличии
277,Амортизатор багажника Gazer TG-UM,25 999,Есть в наличии
278,Амортизатор багажника Gazer TG-GFW,25 999,Есть в наличии
279,Амортизатор багажника Gazer TG-TLN,25 999,Есть в наличии
280,Амортизатор багажника Gazer TG-W213D,25 999,Есть в наличии
281,Амортизатор багажника Gazer TG-UZ,25 999,Есть в наличии
282,Амортизатор багажника Gazer TG-A40,25 999,Есть в наличии
283,Амортизатор багажника Gazer TG-GH,25 999,Есть в наличии
284,Амортизатор багажника Gazer TG-W639,25 999,Есть в наличии
285,Амортизатор багажника Gazer TG-XZ,25 999,Есть в наличии
286,Амортизатор багажника Gazer TG-AD1,25 999,Есть в наличии
287,Амортизатор багажника Gazer TG-DM,25 999,Есть в наличии
288,Амортизатор багажника Gazer TG-RM4,25 999,Есть в наличии
289,Амортизатор багажника Gazer TG-KF,25 999,Есть в наличии
290,Амортизатор багажника Gazer TG-NS7,25 999,Есть в наличии
291,Амортизатор багажника Gazer TG-NU7,25 999,Есть в наличии
292,Амортизатор багажника Gazer TG-7P5,25 999,Есть в наличии
293,Автомагнитола штатная Gazer CM6007-8J для AUDI TT 2006-2011,17 592,Есть в наличии
294,Автомагнитола штатная Gazer CM5510-TLN для Hyundai Tucson (TLN) 2018+,15 899,Есть в наличии
295,Автомагнитола штатная Gazer CM6510-CR для Honda Accord (CR) 2013 - 2017,21 990,Есть в наличии
296,Автомагнитола штатная Gazer CM6510-TLN для Hyundai Tucson (TLN) 2018+,21 990,Есть в наличии
297,Автомагнитола Gazer CM6507-100H,5 799,Нет в наличии
298,Автомагнитола штатная Gazer CM6008-RE для Honda CRV (RE) 2006-2011,8 081,Нет в наличии
299,Автомагнитола штатная Gazer CM6510-UD для Hyundai Elantra (UD) 2016-2017,8 257,Нет в наличии
300,Автомагнитола штатная Gazer CM6008-T5 для VW/Skoda/Seat 2008-2016,8 813,Нет в наличии
301,Телевизор Gazer TV43-FS2G,11 499,Нет в наличии
302,Автомагнитола штатная Gazer CM7010-FB4 для Honda Civic (FB4) 2016-2017,10 542,Нет в наличии
303,Автомагнитола штатная Gazer CM5007-A30 для Toyota RAV 4 (A30) 2006-2012,6 738,Нет в наличии
304,"Автомагнитола штатная Gazer CM5007-1Z3 для Skoda Octavia A5, Fabia, Super b 2005-2012",14 999,Нет в наличии
305,Автомагнитола штатная Gazer CM6006-NF для Hyundai Sonata (NF) 2009-2010,7 473,Нет в наличии
306,Автомагнитола штатная Gazer CM6008-QL для Kia Sportage (QL) 2015-2017,8 519,Нет в наличии
307,Телевизор Gazer TV32-FS2G,8 199,Нет в наличии
308,Видеорегистратор Gazer F730,3 999,Нет в наличии
309,Видеорегистратор Gazer F725,2 399,Нет в наличии
310,Видеорегистратор Gazer F720,3 999,Нет в наличии
311,Видеорегистратор Gazer F117,2 777,Нет в наличии
312,Видеорегистратор Gazer MUW5000,5 999,Нет в наличии
313,Автомагнитола штатная Gazer CM7010-BM для Ford Focus (BM) 2012-2016,9 750,Закончился
314,Автомагнитола штатная Gazer CM5009-FS для Renault Sandero (FS) 2008-2012,7 130,Нет в наличии
315,Автомагнитола штатная Gazer CM5008-JT для Suzuki Grand Vitara (JT) 2005-2015,15 899,Нет в наличии
316,GPS навигатор Gazer ACG230W,999,Нет в наличии
317,Автомагнитола штатная Gazer CM6008-BL для Mazda 3 (BL) 2010-2014,8 503,Нет в наличии
318,Автомагнитола штатная Gazer CM5509-T5 для VW/Skoda/Seat 2008-2016,7 076,Нет в наличии
319,Автомагнитола Gazer CM5006-100D,6 399,Нет в наличии
320,"Автомагнитола штатная Gazer CM5509-CM для Hyundai Santa Fe (CM), 2006-2012",6 614,Нет в наличии
321,Автомагнитола штатная Gazer CM6008-5E3 для Skoda Octavia A7 (5E3) 2013-2016,8 502,Нет в наличии
322,Автомагнитола штатная Gazer CM6007-DZO для Renault Megane III (DZO) 2008-2016,21 990,Нет в наличии
323,Автомагнитола штатная Gazer CM6007-BMO для Renault Megane (BMO) 2002-2009,21 990,Нет в наличии
324,Автомагнитола штатная Gazer CM6008-UD для Hyundai Elantra (UD) 2016-2017,8 679,Нет в наличии
325,Автомагнитола штатная Gazer CM6007-BM для Ford Focus (BM) 2012-2016,8 527,Нет в наличии
326,Автомагнитола штатная Gazer CM6007-8E для AUDI A4 2002-2008,7 874,Нет в наличии
327,Автомагнитола штатная Gazer CM5008-MA для Ford Kuga (MA)-low version 2013-2017,16 999,Нет в наличии
328,"Автомагнитола штатная Gazer CM6007-L48 для Opel Astra H, Vectra C, Zafira B 2004-2009",21 990,Нет в наличии
329,Автомагнитола штатная Gazer CM5007-BMO для Renault Megane (BMO) 2002-2009,15 899,Нет в наличии
330,Автомагнитола штатная Gazer CM5509-E150 для Toyota Corolla (E150) 2013-2016,6 062,Нет в наличии
331,Автомагнитола штатная Gazer CM6008-CYA для Mitsubishi Lancer (CYA) 2007-2013,8 544,Нет в наличии
332,Автомагнитола штатная Gazer CM5008-UD для Hyundai Elantra (UD) 2016-2017,7 107,Нет в наличии
333,Автомагнитола штатная Gazer CM6007-HSAM для Renault Duster (HSAM) 2010-2016,8 074,Нет в наличии
334,Автомагнитола штатная Gazer CM6510-A30 для Toyota RAV 4 (A30) 2006-2012,8 218,Нет в наличии
335,"Автомагнитола штатная Gazer CM6007-BA7 для Ford Mondeo (BA7), Focus (DB) 2007-2012",7 979,Нет в наличии
336,Автомагнитола штатная Gazer CM5008-V40 для Toyota Camry (V40) 2007-2011,15 899,Нет в наличии
337,Автомагнитола штатная Gazer CM6007-TB для Mazda CX-9 (TB) 2006-2012,19 990,Нет в наличии
338,Автомагнитола штатная Gazer CM6008-7P5 для Volkswagen Touareg (7P5) 2010-2016,26 990,Нет в наличии
339,Автомагнитола штатная Gazer CM6007-ER для Mazda CX-7 (ER) 2006-2012,21 990,Нет в наличии
340,Автомагнитола штатная Gazer CM6510-XKN для Jeep Commander (XKN) 2016-2017,8 528,Нет в наличии
341,Автомагнитола штатная Gazer CM5008-KHW для Mitsubishi Pajero Sport (KHW) 2008-2015,6 357,Нет в наличии
342,Автомагнитола штатная Gazer CM5510-ELS для Peugeot 301 2014-2017,15 899,Нет в наличии
343,Автомагнитола штатная Gazer CM7010-TL для Hyundai Tucson (TL) 2015-2017,5 292,Нет в наличии
344,Автомагнитола штатная Gazer CM6510-362 для VW Passat B7 (362) 2010-2014,19 990,Нет в наличии
345,"Автомагнитола штатная Gazer CM6007-W169 для Mercedes A, B, Vito, Viano, Sprinter 2003-2012",24 990,Нет в наличии
346,Автомагнитола штатная Gazer CM6007-W164 для Mercedes ML (W164) 2005-2013,19 992,Нет в наличии
347,Автомагнитола штатная Gazer CM6510-5N2 для VW Tiguan (5N2) 2013-2016,19 990,Нет в наличии
348,Автомагнитола штатная Gazer CM5007-7L для VW Touareg (7L) 2002-2010,14 950,Нет в наличии
349,Автомагнитола штатная Gazer CM5008-V50 для Toyota Camry (V50) 2012-2015,15 899,Нет в наличии
350,Автомагнитола штатная Gazer CM6008-V50 для Toyota Camry (V50) 2012-2015,17 592,Нет в наличии
351,Автомагнитола штатная Gazer CM5007-3B для VW Passat B5 (3B) 2000-2005,15 899,Нет в наличии
352,Автомагнитола штатная Gazer CM6509-SJ для Subaru Forester (SJ) 2013-2014,17 592,Нет в наличии
353,Автомагнитола штатная Gazer CM6007-3B для VW Passat B5 (3B) 2000-2005,15 719,Нет в наличии
354,Автомагнитола штатная Gazer CM5007-CK для Ssang Yong Korando (CK) 2010-2013,12 719,Нет в наличии
355,"Автомагнитола штатная Gazer CM5510-100U для Nissan Qashqai, X-Trail 2013-2016",5 024,Нет в наличии
356,Автомагнитола штатная Gazer CM6007-BK для Mazda 3 (BK) 2004-2009,21 990,Нет в наличии
357,Автомагнитола штатная Gazer CM5008-DM для Hyundai Santa Fe (DM) 2012-2016,15 899,Нет в наличии
358,"Автомагнитола штатная Gazer CM7010-BA7 для Ford Mondeo (BA7), Focus (DB) 2007-2012",10 576,Нет в наличии
359,Автомагнитола штатная Gazer CM7010-WK2 для Jeep Grand Cherokee (WK2) 2011-2016,27 990,Нет в наличии
360,Камера заднего вида Gazer СС125,1 680,Нет в наличии
361,Пульт Gazer RC15 (5060388084301),-,Нет в наличии
362,Автомагнитола штатная Gazer CM5509-KX5 для Kia Sportage (KX5) 2018+,15 899,Нет в наличии
363,Автомагнитола штатная Gazer CM5008-MGH для Mazda 6 (MGH) 2007-2013,6 670,Нет в наличии
364,Автомагнитола штатная Gazer CM6510-J32 для Nissan Teana (J32) 2008-2013,8 527,Нет в наличии
365,"Автомагнитола штатная Gazer CM6009-F150 для Ford Tourneo, Transit (F150) 2013-2016",9 657,Нет в наличии
366,Автомагнитола штатная Gazer CM5008-GFW для Mitsubishi Outlander (GFW) 2014-2017,6 357,Нет в наличии
367,Автомагнитола штатная Gazer CM5510-ZD для Suzuki Swift (ZD) 2004-2010,7 101,Нет в наличии
368,Автомагнитола штатная Gazer CM5007-TYT для Toyota Prado (J120) 2002-2009,15 899,Нет в наличии
369,Автомагнитола штатная Gazer CM5007-GV10 для Toyota Venza (GV10) 2008-2016,7 111,Нет в наличии
370,Автомагнитола штатная Gazer CM5007-BM для Ford Focus (BM) 2012-2016,13 899,Нет в наличии
371,Автомагнитола штатная Gazer CM6008-JT для Suzuki Grand Vitara (JT) 2005-2015,21 990,Нет в наличии
372,Автомагнитола штатная Gazer CM5510-J200N для Toyota LC 200 (J200N) 2016-2017,17 899,Нет в наличии
373,"Автомагнитола штатная Gazer CM5009-F150 для Ford Tourneo, Transit (F150) 2013-2016",17 899,Нет в наличии
374,Автомагнитола штатная Gazer CM5007-V8W для Mitsubishi Pajero (V8W) 2006-2015,15 899,Нет в наличии
375,Автомагнитола штатная Gazer CM6009-J200N для Toyota LC 200 (J200N) 2016-2017,24 990,Нет в наличии
376,Автомагнитола штатная Gazer CM6510-ELS для Peugeot 301 2014-2017,21 990,Нет в наличии
377,Автомагнитола штатная Gazer CM6509-N8 для Toyota Hilux (N8) 2015-2017,19 990,Нет в наличии
378,Автомагнитола штатная Gazer CM5509-RB для Hyundai Accent (RB) 2010-2015,14 736,Нет в наличии
379,Автомагнитола штатная Gazer CM5007-W211 для Mercedes E (W211) 2002-2011,17 899,Нет в наличии
380,Автомагнитола штатная Gazer CM6510-L33R для Nissan Teana (L33R) 2013-2016,8 490,Нет в наличии
381,Автомагнитола штатная Gazer CM5509-SL для Kia Sportage (SL) 2010-2015,15 899,Нет в наличии
382,Автомагнитола штатная Gazer CM5510-CMF для Renault Kadjar (CMF) 2015-2017,12 719,Нет в наличии
383,Автомагнитола штатная Gazer CM5509-GH для Honda HRV (GH) 2013-2017,12 719,Нет в наличии
384,Автомагнитола штатная Gazer CM6510-ZD для Suzuki Swift (ZD) 2004-2010,17 592,Нет в наличии
385,Автомагнитола штатная Gazer CM6510-5LA для Skoda Yeti (5L) auto conditioner 2009-2013,8 495,Нет в наличии
386,Автомагнитола штатная Gazer CM6510-V55 для Toyota Camry (V55) 2015-2017,15 992,Нет в наличии
387,Автомагнитола штатная Gazer CM6510-J200N для Toyota LC 200 (J200N) 2016-2017,21 500,Нет в наличии
388,Автомагнитола штатная Gazer CM5007-E46 для BMW 3 (E46) 1998-2004,13 899,Нет в наличии
389,Автомагнитола штатная Gazer CM6508-7P5 для VW Touareg (7P5) 2010-2016,23 699,Нет в наличии
390,Автомагнитола штатная Gazer CM5007-ER для Mazda CX-7 (ER) 2006-2012,15 899,Нет в наличии
391,"Автомагнитола штатная Gazer CM5007-W169 для Mercedes A, B, Vito, Viano, Sprinter 2003-2012",17 899,Нет в наличии
392,"Автомагнитола штатная Gazer CM5510-J11 для Nissan Qashqai, X-Trail 2013-2016",15 899,Нет в наличии
393,Автомагнитола штатная Gazer CM5510-362 для VW Passat B7 (362) 2010-2014,14 999,Нет в наличии
394,Автомагнитола штатная Gazer CM5007-W220 для Mercedes S (W220) 1998-2005,17 899,Нет в наличии
395,Автомагнитола штатная Gazer CM6006-N5 для Toyota Hilux (N5) 2012-2015,21 502,Нет в наличии
396,"Автомагнитола штатная Gazer CM5509-KR0A для Renault Captur, Clio (KR0-AC) 2011-2015",6 357,Нет в наличии
397,Автомагнитола штатная Gazer CM5510-XU40 для Toyota Highlander (XU40) 2008-2015,15 899,Нет в наличии
398,Автомагнитола штатная Gazer CM5009-XU50 для Toyota Highlander (XU50) 2015-2017,7 164,Нет в наличии
399,Автомагнитола штатная Gazer CM5510-UM для Kia Sorento (UM) 2015-2017,14 999,Нет в наличии
400,Автомагнитола штатная Gazer CM5510-RM4 для Honda CRV (RM4) 2012-2016,16 856,Нет в наличии
401,Автомагнитола штатная Gazer CM6509-SL для Kia Sportage (SL) 2010-2015,21 990,Нет в наличии
402,Автомагнитола штатная Gazer CM5007-PS17 для Kia Soul (PS17) 2014-2017,13 899,Нет в наличии
403,Автомагнитола штатная Gazer CM6509-E140 для Toyota Corolla (E140) 2006-2012,17 592,Нет в наличии
404,Автомагнитола штатная Gazer CM6510-V50 для Toyota Camry (V50) 2012-2015,21 990,Нет в наличии
405,Автомагнитола штатная Gazer CM5007-GD для Hyundai i30 (GD) 2012-2016,13 899,Нет в наличии
406,Автомагнитола штатная Gazer CM6006-CM для Hyundai Santa Fe (CM) 2006-2012,19 990,Нет в наличии
407,Автомагнитола штатная Gazer CM5510-BE1 для VW Golf VII (BE1) 2014-2017,15 899,Нет в наличии
408,Автомагнитола штатная Gazer CM5008-CKN для Ssang Yong Korando (CKN) 2013-2016,15 899,Нет в наличии
409,Автомагнитола штатная Gazer CM6007-W203 для Mercedes C (W203) 2004-2007,24 990,Нет в наличии
410,"Автомагнитола штатная Gazer CM6008-J11 для Nissan Qashqai, X-Trail 2013-2016",21 990,Нет в наличии
411,Автомагнитола штатная Gazer CM6510-E150 для Toyota Corolla (E150) 2013-2016,19 990,Нет в наличии
412,Автомагнитола штатная Gazer CM6008-V40F для Toyota Camry (V40) 2007-2011,19 300,Нет в наличии
413,Автомагнитола штатная Gazer CM5006-XK для Jeep Commander (XK) 2007-2012,15 899,Нет в наличии
414,Автомагнитола штатная Gazer CM6007-W220 для Mercedes S (W220) (1998-2005,19 992,Нет в наличии
415,Автомагнитола штатная Gazer CM5008-RP для Kia Carens (FG) 2013-2017,15 899,Нет в наличии
416,Автомагнитола штатная Gazer CM5009-J200N для Toyota LC 200 (J200N) 2016-2017,8 158,Нет в наличии
417,"Автомагнитола штатная Gazer CM5008-J11 для Nissan Qashqai, X-Trail 2013-2016",15 899,Нет в наличии
418,Автомагнитола штатная Gazer CM5510-V50 для Toyota Camry (V50) 2012-2015,15 899,Нет в наличии
419,Автомагнитола штатная Gazer CM6510-RM4 для Honda CRV (RM4) 2012-2016,21 990,Нет в наличии
420,Автомагнитола штатная Gazer CM6008-CKN для SsangYong Korando (CKN) 2013-2016,17 592,Нет в наличии
421,Автомагнитола штатная Gazer CM6509-TYT для Toyota Prado (J120) 2002-2009,19 990,Нет в наличии
422,"Автомагнитола штатная Gazer CM6510-J11 для Nissan Qashqai, X-Trail 2013-2016",21 990,Нет в наличии
423,Амортизатор багажника Gazer TG-RW,-,Нет в наличии
424,Амортизатор багажника Gazer TG-V8WS,-,Нет в наличии
425,Автомагнитола штатная Gazer CM6007-JJ для Ford Fiesta (JJ) 2008-2014,17 592,Нет в наличии
426,Автомагнитола штатная Gazer CM6007-RE для Honda CRV (RE) 2006-2011,19 990,Нет в наличии
427,Автомагнитола штатная Gazer CM5007-FA для Honda Civic (FA) 2006-2011,15 899,Нет в наличии
428,Автомагнитола штатная Gazer CM6510-5LM для Skoda Yeti (5L) manual conditioner 2009-2013,8 495,Нет в наличии
429,Автомагнитола штатная Gazer CM5007-W203 для Mercedes C (W203) 2004-2007,17 899,Нет в наличии
430,Автомагнитола штатная Gazer CM6007-PS17 для Kia Soul (PS17) 2014-2017,18 900,Нет в наличии
431,"Автомагнитола штатная Gazer CM6510-ASX10 для Mitsubishi Lancer 2007-2013, ASX 2007-2010",17 592,Нет в наличии
432,Автомагнитола штатная Gazer CM6007-CM для Hyundai Santa Fe (CM) 2006-2012,19 300,Нет в наличии
433,Автомагнитола штатная Gazer CM5007-XM10 для Kia Sorento (XM10) 2010-2012,15 899,Нет в наличии
434,Автомагнитола штатная Gazer CM6510-A50 для Toyota RAV4 2019+,19 300,Нет в наличии
435,Автомагнитола штатная Gazer CM6510-V70 для Toyota Camry (V70) 2018+,21 990,Нет в наличии
436,"Автомагнитола штатная Gazer CM6007-GAB для SsangYong Actyon, Kyron, Korando 2005-2010",14 659,Нет в наличии
437,Автомагнитола штатная Gazer CM5007-RM4 для Honda CRV (RM4) 2012-2016,13 899,Нет в наличии
438,Автомагнитола штатная Gazer CM5008-QL для Kia Sportage (QL) 2015-2017,7 114,Нет в наличии
439,Автомагнитола штатная Gazer CM5007-JJ для Ford Fiesta (JJ) 2008-2014,12 719,Нет в наличии
440,Автомагнитола штатная Gazer CM6008-250T для Toyota Avensis 2003-2007,13 279,Нет в наличии
441,Автомагнитола штатная Gazer CM6509-KX5 для Kia Sportage (KX5) 2018+,20 900,Нет в наличии
442,Автомагнитола штатная Gazer CM5008-XII для Ford F150 (XII) 2009-2014,8 095,Нет в наличии
443,Автомагнитола штатная Gazer CM6510-UM для Kia Sorento (UM) 2015-2017,21 990,Нет в наличии
444,Автомагнитола штатная Gazer CM6510-A40 для Toyota RAV 4 (A40) 2013-2016,17 592,Нет в наличии
445,Автомагнитола штатная Gazer CM5008-XU40 для Toyota Highlander (XU40) 2008-2015,15 899,Нет в наличии
